{"cameraMode":{"drawMode":0,"name":"Shaded","section":"Shading Mode"},"sceneLighting":true,"audioPlay":false,"sceneViewState":{"showFog":true,"showMaterialUpdate":true,"showSkybox":true,"showFlares":true,"showImageEffects":true,"showParticleSystems":true},"in2DMode":false,"pivot":{"x":-2.876075506210327,"y":14.918560028076172,"z":6.857700347900391},"rotation":{"x":0.04497199133038521,"y":0.023975132033228875,"z":-0.0010883138747885824,"w":0.9987179636955261},"size":55.0914421081543,"orthographic":false}