{"cameraMode":{"drawMode":0,"name":"Shaded","section":"Shading Mode"},"sceneLighting":false,"audioPlay":false,"sceneViewState":{"showFog":true,"showMaterialUpdate":true,"showSkybox":false,"showFlares":true,"showImageEffects":true,"showParticleSystems":true},"in2DMode":false,"pivot":{"x":0.002166498452425003,"y":-0.08579215407371521,"z":0.0059209465980529789},"rotation":{"x":0.06098247691988945,"y":-0.9145865440368652,"z":-0.3708053231239319,"w":-0.15029048919677735},"size":0.6763657331466675,"orthographic":false}