{"cameraMode":{"drawMode":0,"name":"Shaded","section":"Shading Mode"},"sceneLighting":false,"audioPlay":false,"sceneViewState":{"showFog":true,"showMaterialUpdate":true,"showSkybox":false,"showFlares":true,"showImageEffects":true,"showParticleSystems":true},"in2DMode":false,"pivot":{"x":0.030000001192092897,"y":6.53000020980835,"z":0.10999999940395355},"rotation":{"x":-0.06466362625360489,"y":-0.7127645611763,"z":-0.0662403404712677,"w":0.6954582929611206},"size":0.7284020781517029,"orthographic":false}