{"cameraMode":{"drawMode":0,"name":"Shaded","section":"Shading Mode"},"sceneLighting":true,"audioPlay":false,"sceneViewState":{"showFog":true,"showMaterialUpdate":false,"showSkybox":false,"showFlares":true,"showImageEffects":true,"showParticleSystems":true},"in2DMode":false,"pivot":{"x":347.8941955566406,"y":275.78863525390627,"z":198.99942016601563},"rotation":{"x":-0.11043043434619904,"y":0.8502405881881714,"z":-0.1975627839565277,"w":-0.4752535820007324},"size":132.5328369140625,"orthographic":false}